parameter,unit,median,err_minus,err_plus
re,R_sun,14.60886677590506,0.35737598471026466,0.36693867036187555
me,M_sun,1.4244740130088576,0.9430451002995277,2.0095890703770114
ve,1e9 cm/s,2.006688975767302,0.2356058356421804,0.3420023075430829
off,days,0.0010303543570327,2.2786933049400012e-05,5.1742806672699796e-05
